UserId,Username,Name,Age
1,rsanchez,Rick Sanchez,57
2,jbloggs, Joe Bloggs,21
3,adent,Arthur Dent,42
1,rsanchez,Rick Sanchez,57
2,jbloggs, Joe Bloggs,21
3,adent,Arthur Dent,42
1,rsanchez,Rick Sanchez,57
2,jbloggs, Joe Bloggs,21
3,adent,Arthur Dent,42
1,rsanchez,Rick Sanchez,57
2,jbloggs, Joe Bloggs,21
3,adent,Arthur Dent,42
1,rsanchez,Rick Sanchez,57
2,jbloggs, Joe Bloggs,21
3,adent,Arthur Dent,42
1,rsanchez,Rick Sanchez,57
2,jbloggs, Joe Bloggs,21
3,adent,Arthur Dent,42
1,rsanchez,Rick Sanchez,57
2,jbloggs, Joe Bloggs,21
3,adent,Arthur Dent,42
1,rsanchez,Rick Sanchez,57
2,jbloggs, Joe Bloggs,21
3,adent,Arthur Dent,42
1,rsanchez,Rick Sanchez,57
2,jbloggs, Joe Bloggs,21
3,adent,Arthur Dent,42
1,rsanchez,Rick Sanchez,57
2,jbloggs, Joe Bloggs,21
3,adent,Arthur Dent,42
1,rsanchez,Rick Sanchez,57
2,jbloggs, Joe Bloggs,21
3,adent,Arthur Dent,42
1,rsanchez,Rick Sanchez,57
2,jbloggs, Joe Bloggs,21
3,adent,Arthur Dent,42
1,rsanchez,Rick Sanchez,57
2,jbloggs, Joe Bloggs,21
3,adent,Arthur Dent,42
1,rsanchez,Rick Sanchez,57
2,jbloggs, Joe Bloggs,21
3,adent,Arthur Dent,42
1,rsanchez,Rick Sanchez,57
2,jbloggs, Joe Bloggs,21
3,adent,Arthur Dent,42
1,rsanchez,Rick Sanchez,57
2,jbloggs, Joe Bloggs,21
3,adent,Arthur Dent,42
1,rsanchez,Rick Sanchez,57
2,jbloggs, Joe Bloggs,21
3,adent,Arthur Dent,42
1,rsanchez,Rick Sanchez,57
2,jbloggs, Joe Bloggs,21
3,adent,Arthur Dent,42
1,rsanchez,Rick Sanchez,57
2,jbloggs, Joe Bloggs,21
3,adent,Arthur Dent,42
1,rsanchez,Rick Sanchez,57
2,jbloggs, Joe Bloggs,21
3,adent,Arthur Dent,42